model_name,stage,device_info,warmup_runs,measured_runs,mean_ms,min_ms,max_ms,p50_ms,p95_ms,p99_ms
crop_classifier_ood.pte,classifier,"Google sdk_gphone16k_arm64 (Android 17, SDK 37)",10,50,17.567609220000005,16.812208,18.795667,17.495542,18.182792,18.329
crop_disease_yolo26.pte@1920x1080,detector,"Google sdk_gphone16k_arm64 (Android 17, SDK 37)",10,50,44.189061599999974,42.932292,47.878666,44.100125,45.395875,45.953917
crop_disease_yolo26.pte@1280x960,detector,"Google sdk_gphone16k_arm64 (Android 17, SDK 37)",10,50,44.165925060000006,42.705083,59.618666,43.751917,45.450209,46.112042
crop_disease_yolo26.pte@640x480,detector,"Google sdk_gphone16k_arm64 (Android 17, SDK 37)",10,50,42.43188755999999,41.217084,46.410458,42.319875,43.343625,44.774959

model_name,stage,run_index,latency_ms
crop_classifier_ood.pte,classifier,0,18.17575
crop_classifier_ood.pte,classifier,1,18.2955
crop_classifier_ood.pte,classifier,2,18.046417
crop_classifier_ood.pte,classifier,3,17.952958
crop_classifier_ood.pte,classifier,4,17.791458
crop_classifier_ood.pte,classifier,5,17.773084
crop_classifier_ood.pte,classifier,6,18.034833
crop_classifier_ood.pte,classifier,7,17.472
crop_classifier_ood.pte,classifier,8,17.957125
crop_classifier_ood.pte,classifier,9,18.014459
crop_classifier_ood.pte,classifier,10,17.716792
crop_classifier_ood.pte,classifier,11,18.795667
crop_classifier_ood.pte,classifier,12,17.70375
crop_classifier_ood.pte,classifier,13,18.054333
crop_classifier_ood.pte,classifier,14,18.329
crop_classifier_ood.pte,classifier,15,17.819834
crop_classifier_ood.pte,classifier,16,17.060917
crop_classifier_ood.pte,classifier,17,18.182792
crop_classifier_ood.pte,classifier,18,17.481416
crop_classifier_ood.pte,classifier,19,17.687958
crop_classifier_ood.pte,classifier,20,17.189833
crop_classifier_ood.pte,classifier,21,17.473917
crop_classifier_ood.pte,classifier,22,17.805833
crop_classifier_ood.pte,classifier,23,17.660917
crop_classifier_ood.pte,classifier,24,17.396708
crop_classifier_ood.pte,classifier,25,17.232541
crop_classifier_ood.pte,classifier,26,17.090833
crop_classifier_ood.pte,classifier,27,17.799334
crop_classifier_ood.pte,classifier,28,17.320083
crop_classifier_ood.pte,classifier,29,17.10125
crop_classifier_ood.pte,classifier,30,17.096542
crop_classifier_ood.pte,classifier,31,17.293875
crop_classifier_ood.pte,classifier,32,17.102042
crop_classifier_ood.pte,classifier,33,16.812208
crop_classifier_ood.pte,classifier,34,16.861125
crop_classifier_ood.pte,classifier,35,16.953375
crop_classifier_ood.pte,classifier,36,16.94
crop_classifier_ood.pte,classifier,37,17.505334
crop_classifier_ood.pte,classifier,38,17.310208
crop_classifier_ood.pte,classifier,39,17.495542
crop_classifier_ood.pte,classifier,40,17.568959
crop_classifier_ood.pte,classifier,41,17.724041
crop_classifier_ood.pte,classifier,42,17.223083
crop_classifier_ood.pte,classifier,43,17.326417
crop_classifier_ood.pte,classifier,44,17.2335
crop_classifier_ood.pte,classifier,45,17.291834
crop_classifier_ood.pte,classifier,46,17.772
crop_classifier_ood.pte,classifier,47,17.3425
crop_classifier_ood.pte,classifier,48,17.766459
crop_classifier_ood.pte,classifier,49,17.344125
crop_disease_yolo26.pte@1920x1080,detector,0,43.75725
crop_disease_yolo26.pte@1920x1080,detector,1,44.528791
crop_disease_yolo26.pte@1920x1080,detector,2,44.454041
crop_disease_yolo26.pte@1920x1080,detector,3,44.1545
crop_disease_yolo26.pte@1920x1080,detector,4,44.168708
crop_disease_yolo26.pte@1920x1080,detector,5,44.592917
crop_disease_yolo26.pte@1920x1080,detector,6,44.597458
crop_disease_yolo26.pte@1920x1080,detector,7,43.104708
crop_disease_yolo26.pte@1920x1080,detector,8,43.065417
crop_disease_yolo26.pte@1920x1080,detector,9,44.248416
crop_disease_yolo26.pte@1920x1080,detector,10,43.597458
crop_disease_yolo26.pte@1920x1080,detector,11,43.779333
crop_disease_yolo26.pte@1920x1080,detector,12,45.70025
crop_disease_yolo26.pte@1920x1080,detector,13,43.9495
crop_disease_yolo26.pte@1920x1080,detector,14,44.370708
crop_disease_yolo26.pte@1920x1080,detector,15,43.444125
crop_disease_yolo26.pte@1920x1080,detector,16,43.304
crop_disease_yolo26.pte@1920x1080,detector,17,43.901333
crop_disease_yolo26.pte@1920x1080,detector,18,43.473375
crop_disease_yolo26.pte@1920x1080,detector,19,43.793
crop_disease_yolo26.pte@1920x1080,detector,20,43.884875
crop_disease_yolo26.pte@1920x1080,detector,21,44.100125
crop_disease_yolo26.pte@1920x1080,detector,22,43.45175
crop_disease_yolo26.pte@1920x1080,detector,23,43.566792
crop_disease_yolo26.pte@1920x1080,detector,24,43.069334
crop_disease_yolo26.pte@1920x1080,detector,25,43.817333
crop_disease_yolo26.pte@1920x1080,detector,26,45.08875
crop_disease_yolo26.pte@1920x1080,detector,27,44.76775
crop_disease_yolo26.pte@1920x1080,detector,28,45.020708
crop_disease_yolo26.pte@1920x1080,detector,29,43.04775
crop_disease_yolo26.pte@1920x1080,detector,30,44.111667
crop_disease_yolo26.pte@1920x1080,detector,31,43.299083
crop_disease_yolo26.pte@1920x1080,detector,32,43.780375
crop_disease_yolo26.pte@1920x1080,detector,33,44.551125
crop_disease_yolo26.pte@1920x1080,detector,34,43.42525
crop_disease_yolo26.pte@1920x1080,detector,35,44.968541
crop_disease_yolo26.pte@1920x1080,detector,36,45.392
crop_disease_yolo26.pte@1920x1080,detector,37,43.749083
crop_disease_yolo26.pte@1920x1080,detector,38,42.932292
crop_disease_yolo26.pte@1920x1080,detector,39,44.310417
crop_disease_yolo26.pte@1920x1080,detector,40,44.17475
crop_disease_yolo26.pte@1920x1080,detector,41,43.832042
crop_disease_yolo26.pte@1920x1080,detector,42,43.970417
crop_disease_yolo26.pte@1920x1080,detector,43,44.393417
crop_disease_yolo26.pte@1920x1080,detector,44,44.271334
crop_disease_yolo26.pte@1920x1080,detector,45,45.953917
crop_disease_yolo26.pte@1920x1080,detector,46,44.525208
crop_disease_yolo26.pte@1920x1080,detector,47,45.395875
crop_disease_yolo26.pte@1920x1080,detector,48,47.878666
crop_disease_yolo26.pte@1920x1080,detector,49,44.737166
crop_disease_yolo26.pte@1280x960,detector,0,59.618666
crop_disease_yolo26.pte@1280x960,detector,1,45.52825
crop_disease_yolo26.pte@1280x960,detector,2,45.450209
crop_disease_yolo26.pte@1280x960,detector,3,42.811125
crop_disease_yolo26.pte@1280x960,detector,4,43.755958
crop_disease_yolo26.pte@1280x960,detector,5,43.00775
crop_disease_yolo26.pte@1280x960,detector,6,43.12925
crop_disease_yolo26.pte@1280x960,detector,7,43.501625
crop_disease_yolo26.pte@1280x960,detector,8,43.881875
crop_disease_yolo26.pte@1280x960,detector,9,44.425292
crop_disease_yolo26.pte@1280x960,detector,10,43.080459
crop_disease_yolo26.pte@1280x960,detector,11,44.276958
crop_disease_yolo26.pte@1280x960,detector,12,44.782875
crop_disease_yolo26.pte@1280x960,detector,13,43.751917
crop_disease_yolo26.pte@1280x960,detector,14,43.788833
crop_disease_yolo26.pte@1280x960,detector,15,43.262458
crop_disease_yolo26.pte@1280x960,detector,16,43.502958
crop_disease_yolo26.pte@1280x960,detector,17,44.626375
crop_disease_yolo26.pte@1280x960,detector,18,43.734584
crop_disease_yolo26.pte@1280x960,detector,19,43.803
crop_disease_yolo26.pte@1280x960,detector,20,43.836334
crop_disease_yolo26.pte@1280x960,detector,21,43.957167
crop_disease_yolo26.pte@1280x960,detector,22,43.891875
crop_disease_yolo26.pte@1280x960,detector,23,43.479458
crop_disease_yolo26.pte@1280x960,detector,24,44.70925
crop_disease_yolo26.pte@1280x960,detector,25,44.221375
crop_disease_yolo26.pte@1280x960,detector,26,42.72275
crop_disease_yolo26.pte@1280x960,detector,27,45.048917
crop_disease_yolo26.pte@1280x960,detector,28,43.615708
crop_disease_yolo26.pte@1280x960,detector,29,43.6925
crop_disease_yolo26.pte@1280x960,detector,30,42.705083
crop_disease_yolo26.pte@1280x960,detector,31,43.513958
crop_disease_yolo26.pte@1280x960,detector,32,44.754542
crop_disease_yolo26.pte@1280x960,detector,33,43.401458
crop_disease_yolo26.pte@1280x960,detector,34,43.32275
crop_disease_yolo26.pte@1280x960,detector,35,43.436166
crop_disease_yolo26.pte@1280x960,detector,36,43.7905
crop_disease_yolo26.pte@1280x960,detector,37,42.99425
crop_disease_yolo26.pte@1280x960,detector,38,45.322416
crop_disease_yolo26.pte@1280x960,detector,39,42.824167
crop_disease_yolo26.pte@1280x960,detector,40,43.232584
crop_disease_yolo26.pte@1280x960,detector,41,43.760084
crop_disease_yolo26.pte@1280x960,detector,42,43.549875
crop_disease_yolo26.pte@1280x960,detector,43,43.192584
crop_disease_yolo26.pte@1280x960,detector,44,43.859625
crop_disease_yolo26.pte@1280x960,detector,45,43.164459
crop_disease_yolo26.pte@1280x960,detector,46,45.219167
crop_disease_yolo26.pte@1280x960,detector,47,46.112042
crop_disease_yolo26.pte@1280x960,detector,48,43.758542
crop_disease_yolo26.pte@1280x960,detector,49,43.48625
crop_disease_yolo26.pte@640x480,detector,0,41.988166
crop_disease_yolo26.pte@640x480,detector,1,42.019791
crop_disease_yolo26.pte@640x480,detector,2,41.273209
crop_disease_yolo26.pte@640x480,detector,3,42.16875
crop_disease_yolo26.pte@640x480,detector,4,42.151583
crop_disease_yolo26.pte@640x480,detector,5,42.955958
crop_disease_yolo26.pte@640x480,detector,6,41.9075
crop_disease_yolo26.pte@640x480,detector,7,42.557708
crop_disease_yolo26.pte@640x480,detector,8,42.016834
crop_disease_yolo26.pte@640x480,detector,9,41.319125
crop_disease_yolo26.pte@640x480,detector,10,41.642
crop_disease_yolo26.pte@640x480,detector,11,42.06075
crop_disease_yolo26.pte@640x480,detector,12,41.217084
crop_disease_yolo26.pte@640x480,detector,13,42.248167
crop_disease_yolo26.pte@640x480,detector,14,42.372417
crop_disease_yolo26.pte@640x480,detector,15,42.518209
crop_disease_yolo26.pte@640x480,detector,16,43.343625
crop_disease_yolo26.pte@640x480,detector,17,42.429333
crop_disease_yolo26.pte@640x480,detector,18,42.149125
crop_disease_yolo26.pte@640x480,detector,19,42.322667
crop_disease_yolo26.pte@640x480,detector,20,41.731083
crop_disease_yolo26.pte@640x480,detector,21,41.940958
crop_disease_yolo26.pte@640x480,detector,22,41.878209
crop_disease_yolo26.pte@640x480,detector,23,42.353625
crop_disease_yolo26.pte@640x480,detector,24,43.580041
crop_disease_yolo26.pte@640x480,detector,25,42.464417
crop_disease_yolo26.pte@640x480,detector,26,41.764334
crop_disease_yolo26.pte@640x480,detector,27,42.474625
crop_disease_yolo26.pte@640x480,detector,28,42.953291
crop_disease_yolo26.pte@640x480,detector,29,42.319875
crop_disease_yolo26.pte@640x480,detector,30,42.77775
crop_disease_yolo26.pte@640x480,detector,31,41.938958
crop_disease_yolo26.pte@640x480,detector,32,42.108458
crop_disease_yolo26.pte@640x480,detector,33,41.889
crop_disease_yolo26.pte@640x480,detector,34,42.569709
crop_disease_yolo26.pte@640x480,detector,35,42.135084
crop_disease_yolo26.pte@640x480,detector,36,41.713333
crop_disease_yolo26.pte@640x480,detector,37,42.736459
crop_disease_yolo26.pte@640x480,detector,38,43.300875
crop_disease_yolo26.pte@640x480,detector,39,42.435667
crop_disease_yolo26.pte@640x480,detector,40,44.774959
crop_disease_yolo26.pte@640x480,detector,41,42.780833
crop_disease_yolo26.pte@640x480,detector,42,43.044125
crop_disease_yolo26.pte@640x480,detector,43,42.36
crop_disease_yolo26.pte@640x480,detector,44,46.410458
crop_disease_yolo26.pte@640x480,detector,45,42.09225
crop_disease_yolo26.pte@640x480,detector,46,42.228209
crop_disease_yolo26.pte@640x480,detector,47,42.801167
crop_disease_yolo26.pte@640x480,detector,48,42.465333
crop_disease_yolo26.pte@640x480,detector,49,42.909292
