modelName,stage,deviceInfo,warmupRuns,measuredRuns,n,meanMs,medianMs,stdDevMs,minMs,maxMs,p50Ms,p90Ms,p95Ms,p99Ms
crop_classifier_ood,classifier,Apple iPhone (iOS 26.6.2),10,50,50,33.49001169204712,32.79304504394531,1.5443791135744231,30.551910400390625,36.75699234008789,32.79304504394531,36.36002540588379,36.50200366973877,36.75699234008789
crop_disease_yolo26.pte@1920x1080,detector,Apple iPhone (iOS 26.6.2),10,50,50,170.22631883621216,170.26245594024658,2.819994117848549,162.71698474884033,176.23794078826904,170.23694515228271,173.14088344573975,174.96991157531738,176.23794078826904
crop_disease_yolo26.pte@1280x960,detector,Apple iPhone (iOS 26.6.2),10,50,50,173.73103380203247,173.29347133636475,1.7571470116079746,171.82600498199463,180.64093589782715,173.2189655303955,174.93391036987305,178.056001663208,180.64093589782715
crop_disease_yolo26.pte@640x480,detector,Apple iPhone (iOS 26.6.2),10,50,50,172.90514469146729,171.2769865989685,6.648149939703192,168.85697841644287,215.93093872070313,171.2549924850464,177.15907096862793,178.352952003479,215.93093872070313

raw_latencies_ms
modelName,stage,runIndex,latencyMs
crop_classifier_ood,classifier,0,31.013011932373047
crop_classifier_ood,classifier,1,31.358957290649414
crop_classifier_ood,classifier,2,30.551910400390625
crop_classifier_ood,classifier,3,31.581997871398926
crop_classifier_ood,classifier,4,31.171083450317383
crop_classifier_ood,classifier,5,32.01103210449219
crop_classifier_ood,classifier,6,32.12296962738037
crop_classifier_ood,classifier,7,32.79304504394531
crop_classifier_ood,classifier,8,32.30595588684082
crop_classifier_ood,classifier,9,32.727956771850586
crop_classifier_ood,classifier,10,32.829999923706055
crop_classifier_ood,classifier,11,32.79304504394531
crop_classifier_ood,classifier,12,32.72092342376709
crop_classifier_ood,classifier,13,32.93001651763916
crop_classifier_ood,classifier,14,32.66704082489014
crop_classifier_ood,classifier,15,32.67502784729004
crop_classifier_ood,classifier,16,32.75299072265625
crop_classifier_ood,classifier,17,32.781004905700684
crop_classifier_ood,classifier,18,32.68098831176758
crop_classifier_ood,classifier,19,32.77599811553955
crop_classifier_ood,classifier,20,32.72294998168945
crop_classifier_ood,classifier,21,33.66100788116455
crop_classifier_ood,classifier,22,32.81593322753906
crop_classifier_ood,classifier,23,32.724976539611816
crop_classifier_ood,classifier,24,32.4939489364624
crop_classifier_ood,classifier,25,32.707929611206055
crop_classifier_ood,classifier,26,33.05196762084961
crop_classifier_ood,classifier,27,32.70602226257324
crop_classifier_ood,classifier,28,32.57298469543457
crop_classifier_ood,classifier,29,32.69696235656738
crop_classifier_ood,classifier,30,32.658934593200684
crop_classifier_ood,classifier,31,34.51693058013916
crop_classifier_ood,classifier,32,34.45303440093994
crop_classifier_ood,classifier,33,34.64305400848389
crop_classifier_ood,classifier,34,34.49106216430664
crop_classifier_ood,classifier,35,34.84499454498291
crop_classifier_ood,classifier,36,34.71696376800537
crop_classifier_ood,classifier,37,34.67297554016113
crop_classifier_ood,classifier,38,34.75391864776611
crop_classifier_ood,classifier,39,34.45994853973389
crop_classifier_ood,classifier,40,34.30807590484619
crop_classifier_ood,classifier,41,34.60896015167236
crop_classifier_ood,classifier,42,34.4080924987793
crop_classifier_ood,classifier,43,34.451961517333984
crop_classifier_ood,classifier,44,36.50200366973877
crop_classifier_ood,classifier,45,36.471009254455566
crop_classifier_ood,classifier,46,36.75699234008789
crop_classifier_ood,classifier,47,36.576032638549805
crop_classifier_ood,classifier,48,36.4459753036499
crop_classifier_ood,classifier,49,36.36002540588379
crop_disease_yolo26.pte@1920x1080,detector,0,163.7510061264038
crop_disease_yolo26.pte@1920x1080,detector,1,162.71698474884033
crop_disease_yolo26.pte@1920x1080,detector,2,165.44198989868164
crop_disease_yolo26.pte@1920x1080,detector,3,166.45097732543945
crop_disease_yolo26.pte@1920x1080,detector,4,167.26195812225342
crop_disease_yolo26.pte@1920x1080,detector,5,167.69492626190186
crop_disease_yolo26.pte@1920x1080,detector,6,167.23299026489258
crop_disease_yolo26.pte@1920x1080,detector,7,166.87297821044922
crop_disease_yolo26.pte@1920x1080,detector,8,166.8490171432495
crop_disease_yolo26.pte@1920x1080,detector,9,167.12093353271484
crop_disease_yolo26.pte@1920x1080,detector,10,168.08998584747314
crop_disease_yolo26.pte@1920x1080,detector,11,167.60790348052979
crop_disease_yolo26.pte@1920x1080,detector,12,170.85301876068115
crop_disease_yolo26.pte@1920x1080,detector,13,171.1559295654297
crop_disease_yolo26.pte@1920x1080,detector,14,171.9609498977661
crop_disease_yolo26.pte@1920x1080,detector,15,174.58593845367432
crop_disease_yolo26.pte@1920x1080,detector,16,174.9589443206787
crop_disease_yolo26.pte@1920x1080,detector,17,174.96991157531738
crop_disease_yolo26.pte@1920x1080,detector,18,173.06196689605713
crop_disease_yolo26.pte@1920x1080,detector,19,173.14088344573975
crop_disease_yolo26.pte@1920x1080,detector,20,176.23794078826904
crop_disease_yolo26.pte@1920x1080,detector,21,172.713041305542
crop_disease_yolo26.pte@1920x1080,detector,22,172.81997203826904
crop_disease_yolo26.pte@1920x1080,detector,23,171.70190811157227
crop_disease_yolo26.pte@1920x1080,detector,24,172.02699184417725
crop_disease_yolo26.pte@1920x1080,detector,25,171.28300666809082
crop_disease_yolo26.pte@1920x1080,detector,26,172.67203330993652
crop_disease_yolo26.pte@1920x1080,detector,27,171.28896713256836
crop_disease_yolo26.pte@1920x1080,detector,28,170.4120635986328
crop_disease_yolo26.pte@1920x1080,detector,29,170.75002193450928
crop_disease_yolo26.pte@1920x1080,detector,30,170.81904411315918
crop_disease_yolo26.pte@1920x1080,detector,31,169.25203800201416
crop_disease_yolo26.pte@1920x1080,detector,32,169.87907886505127
crop_disease_yolo26.pte@1920x1080,detector,33,170.28796672821045
crop_disease_yolo26.pte@1920x1080,detector,34,170.4409122467041
crop_disease_yolo26.pte@1920x1080,detector,35,169.89195346832275
crop_disease_yolo26.pte@1920x1080,detector,36,169.9429750442505
crop_disease_yolo26.pte@1920x1080,detector,37,170.17900943756104
crop_disease_yolo26.pte@1920x1080,detector,38,170.03405094146729
crop_disease_yolo26.pte@1920x1080,detector,39,170.86398601531982
crop_disease_yolo26.pte@1920x1080,detector,40,169.56496238708496
crop_disease_yolo26.pte@1920x1080,detector,41,169.17693614959717
crop_disease_yolo26.pte@1920x1080,detector,42,169.43299770355225
crop_disease_yolo26.pte@1920x1080,detector,43,170.23694515228271
crop_disease_yolo26.pte@1920x1080,detector,44,175.989031791687
crop_disease_yolo26.pte@1920x1080,detector,45,171.0669994354248
crop_disease_yolo26.pte@1920x1080,detector,46,170.6259250640869
crop_disease_yolo26.pte@1920x1080,detector,47,170.17698287963867
crop_disease_yolo26.pte@1920x1080,detector,48,170.00997066497803
crop_disease_yolo26.pte@1920x1080,detector,49,169.75903511047363
crop_disease_yolo26.pte@1280x960,detector,0,172.25492000579834
crop_disease_yolo26.pte@1280x960,detector,1,172.5369691848755
crop_disease_yolo26.pte@1280x960,detector,2,174.064040184021
crop_disease_yolo26.pte@1280x960,detector,3,171.82600498199463
crop_disease_yolo26.pte@1280x960,detector,4,174.66497421264648
crop_disease_yolo26.pte@1280x960,detector,5,172.90806770324707
crop_disease_yolo26.pte@1280x960,detector,6,172.55699634552002
crop_disease_yolo26.pte@1280x960,detector,7,173.9809513092041
crop_disease_yolo26.pte@1280x960,detector,8,173.64203929901123
crop_disease_yolo26.pte@1280x960,detector,9,173.45499992370605
crop_disease_yolo26.pte@1280x960,detector,10,172.0409393310547
crop_disease_yolo26.pte@1280x960,detector,11,172.5829839706421
crop_disease_yolo26.pte@1280x960,detector,12,172.58703708648682
crop_disease_yolo26.pte@1280x960,detector,13,172.4950075149536
crop_disease_yolo26.pte@1280x960,detector,14,172.45590686798096
crop_disease_yolo26.pte@1280x960,detector,15,172.52600193023682
crop_disease_yolo26.pte@1280x960,detector,16,172.6769208908081
crop_disease_yolo26.pte@1280x960,detector,17,172.62303829193115
crop_disease_yolo26.pte@1280x960,detector,18,173.4250783920288
crop_disease_yolo26.pte@1280x960,detector,19,171.93400859832764
crop_disease_yolo26.pte@1280x960,detector,20,174.20601844787598
crop_disease_yolo26.pte@1280x960,detector,21,174.69501495361328
crop_disease_yolo26.pte@1280x960,detector,22,173.49302768707275
crop_disease_yolo26.pte@1280x960,detector,23,174.74603652954102
crop_disease_yolo26.pte@1280x960,detector,24,173.82001876831055
crop_disease_yolo26.pte@1280x960,detector,25,173.2189655303955
crop_disease_yolo26.pte@1280x960,detector,26,173.88594150543213
crop_disease_yolo26.pte@1280x960,detector,27,174.63290691375732
crop_disease_yolo26.pte@1280x960,detector,28,174.89802837371826
crop_disease_yolo26.pte@1280x960,detector,29,173.36797714233398
crop_disease_yolo26.pte@1280x960,detector,30,173.1950044631958
crop_disease_yolo26.pte@1280x960,detector,31,174.0819215774536
crop_disease_yolo26.pte@1280x960,detector,32,174.09801483154297
crop_disease_yolo26.pte@1280x960,detector,33,172.89507389068604
crop_disease_yolo26.pte@1280x960,detector,34,173.1330156326294
crop_disease_yolo26.pte@1280x960,detector,35,172.75190353393555
crop_disease_yolo26.pte@1280x960,detector,36,172.08993434906006
crop_disease_yolo26.pte@1280x960,detector,37,173.14398288726807
crop_disease_yolo26.pte@1280x960,detector,38,172.463059425354
crop_disease_yolo26.pte@1280x960,detector,39,173.6849546432495
crop_disease_yolo26.pte@1280x960,detector,40,172.69408702850342
crop_disease_yolo26.pte@1280x960,detector,41,172.01602458953857
crop_disease_yolo26.pte@1280x960,detector,42,172.87707328796387
crop_disease_yolo26.pte@1280x960,detector,43,174.21197891235352
crop_disease_yolo26.pte@1280x960,detector,44,174.93391036987305
crop_disease_yolo26.pte@1280x960,detector,45,175.39799213409424
crop_disease_yolo26.pte@1280x960,detector,46,180.64093589782715
crop_disease_yolo26.pte@1280x960,detector,47,178.73001098632813
crop_disease_yolo26.pte@1280x960,detector,48,177.25598812103271
crop_disease_yolo26.pte@1280x960,detector,49,178.056001663208
crop_disease_yolo26.pte@640x480,detector,0,168.85697841644287
crop_disease_yolo26.pte@640x480,detector,1,173.33102226257324
crop_disease_yolo26.pte@640x480,detector,2,170.07696628570557
crop_disease_yolo26.pte@640x480,detector,3,169.06607151031494
crop_disease_yolo26.pte@640x480,detector,4,170.04501819610596
crop_disease_yolo26.pte@640x480,detector,5,170.01402378082275
crop_disease_yolo26.pte@640x480,detector,6,169.4951057434082
crop_disease_yolo26.pte@640x480,detector,7,171.45204544067383
crop_disease_yolo26.pte@640x480,detector,8,170.74596881866455
crop_disease_yolo26.pte@640x480,detector,9,171.58889770507813
crop_disease_yolo26.pte@640x480,detector,10,171.29898071289063
crop_disease_yolo26.pte@640x480,detector,11,171.2549924850464
crop_disease_yolo26.pte@640x480,detector,12,170.56894302368164
crop_disease_yolo26.pte@640x480,detector,13,171.17607593536377
crop_disease_yolo26.pte@640x480,detector,14,170.5150604248047
crop_disease_yolo26.pte@640x480,detector,15,170.24505138397217
crop_disease_yolo26.pte@640x480,detector,16,172.806978225708
crop_disease_yolo26.pte@640x480,detector,17,170.80295085906982
crop_disease_yolo26.pte@640x480,detector,18,169.9150800704956
crop_disease_yolo26.pte@640x480,detector,19,170.76897621154785
crop_disease_yolo26.pte@640x480,detector,20,170.78697681427002
crop_disease_yolo26.pte@640x480,detector,21,170.11594772338867
crop_disease_yolo26.pte@640x480,detector,22,170.41099071502686
crop_disease_yolo26.pte@640x480,detector,23,170.4949140548706
crop_disease_yolo26.pte@640x480,detector,24,171.5400218963623
crop_disease_yolo26.pte@640x480,detector,25,171.0900068283081
crop_disease_yolo26.pte@640x480,detector,26,170.5390214920044
crop_disease_yolo26.pte@640x480,detector,27,170.0199842453003
crop_disease_yolo26.pte@640x480,detector,28,170.34804821014404
crop_disease_yolo26.pte@640x480,detector,29,170.01307010650635
crop_disease_yolo26.pte@640x480,detector,30,171.32997512817383
crop_disease_yolo26.pte@640x480,detector,31,170.69101333618164
crop_disease_yolo26.pte@640x480,detector,32,177.15907096862793
crop_disease_yolo26.pte@640x480,detector,33,174.22401905059814
crop_disease_yolo26.pte@640x480,detector,34,172.8060245513916
crop_disease_yolo26.pte@640x480,detector,35,173.7689971923828
crop_disease_yolo26.pte@640x480,detector,36,173.41101169586182
crop_disease_yolo26.pte@640x480,detector,37,172.79601097106934
crop_disease_yolo26.pte@640x480,detector,38,171.8519926071167
crop_disease_yolo26.pte@640x480,detector,39,174.0729808807373
crop_disease_yolo26.pte@640x480,detector,40,173.41601848602295
crop_disease_yolo26.pte@640x480,detector,41,173.49600791931152
crop_disease_yolo26.pte@640x480,detector,42,177.41811275482178
crop_disease_yolo26.pte@640x480,detector,43,173.65097999572754
crop_disease_yolo26.pte@640x480,detector,44,171.63896560668945
crop_disease_yolo26.pte@640x480,detector,45,173.99001121520996
crop_disease_yolo26.pte@640x480,detector,46,215.93093872070313
crop_disease_yolo26.pte@640x480,detector,47,177.45399475097656
crop_disease_yolo26.pte@640x480,detector,48,178.352952003479
crop_disease_yolo26.pte@640x480,detector,49,178.413987159729
